rho,n_levels,frequency,cond,amplification,lambda_spread,sigma_hi,sigma_lo
1.0,2,2,8.0,3.0,1.0000000000000226,80.0,78.74018897637795
1.0,3,4,60.0,5.000000000000001,1.0000000000000226,80.0,77.4803779527559
1.0,4,8,576.0,6.4285714285714235,1.0000000000000226,80.0,74.96075590551182
1.0,5,16,7771.42857142865,7.2857142857143895,1.0000000000000226,80.0,69.92151181102362
1.5,2,2,8.000031440356768,3.000015720178384,1.0039727358962363,79.99999999999999,78.11929883724105
1.5,3,4,60.00191683445752,5.000170386084594,1.0120623530015473,79.99999999999999,76.2535707725688
1.5,4,8,576.032350996612,6.429391698644359,1.028846124643014,79.99999999999999,72.5675214981678
1.5,5,16,7766.649423213121,7.288533041630882,1.0650814880748,79.99999999999999,65.38063788520795
2.0,2,2,8.000124711748994,3.0000623558744968,1.0079278130789346,80.00000000000001,77.51255552111105
2.0,3,4,60.007602958291244,5.000675825204747,1.0241666160665626,80.00000000000001,75.06439531279062
2.0,4,8,576.1281999307644,6.431823701784595,1.058266234445261,80.00000000000001,70.28592770785542
2.0,5,16,7752.479735239512,7.2968495801953095,1.1337635275929512,80.00000000000001,61.2004037448075
2.5,2,2,8.000275268658442,3.0001376343292208,1.0118007848180919,80.00000000000001,76.93187385919506
2.5,3,4,60.01677962727314,5.001491550083513,1.0361107102167182,80.00000000000001,73.93545320965774
2.5,4,8,576.2826043665632,6.435745225388167,1.0877557594622382,80.00000000000001,68.15545384073498
2.5,5,16,7729.690368420065,7.310161959006244,1.2049116756900988,80.00000000000001,57.4306390411637
3.0,2,2,8.000474656603641,3.0002373283018207,1.0155245845389085,79.99999999999996,76.38679091992203
3.0,3,4,60.02892848959736,5.002571498765602,1.04767827879493,79.99999999999996,72.88404737482644
3.0,4,8,576.4865381893504,6.440930528132166,1.1167419620966477,79.99999999999996,66.2030970267187
3.0,5,16,7699.720028976939,7.327602653456462,1.2770492346703344,79.99999999999996,54.09132425879185
3.5,2,2,8.000712403902256,3.000356201951128,1.0190522544952818,79.99999999999996,75.88211461691871
3.5,3,4,60.04340794491667,5.003858653862848,1.0587108407106538,79.99999999999996,71.9179035378286
3.5,4,8,576.7289322781623,6.447101337839981,1.144771250594801,79.99999999999996,64.43655755992332
3.5,5,16,7664.337733008555,7.348139803665518,1.348840512291411,79.99999999999996,51.16606044709934
4.0,2,2,8.000978047081373,3.0004890235406867,1.0223597401592375,79.99999999999999,75.4187685181545
4.0,3,4,60.05957759062756,5.005296101553889,1.0691194523434129,79.99999999999999,71.03717189036453
4.0,4,8,576.9988249131233,6.453981042530344,1.171553198009417,79.99999999999999,62.849428730747384
4.0,5,16,7625.286304392022,7.370778512244296,1.4192701237423826,79.99999999999999,48.616493248877326
4.5,2,2,8.001262321725509,3.0006311608627545,1.0254404775209776,79.99999999999999,74.99526860644225
4.5,3,4,60.07687121868016,5.006833518909577,1.0788700922955652,79.99999999999999,70.2375085673606
4.5,4,8,577.2866027813582,6.461326198910484,1.1969355207241816,79.99999999999999,61.42777223054505
4.5,5,16,7584.0754837392815,7.394670491802428,1.4876429778624876,79.99999999999999,46.39620673590729
5.0,2,2,8.001557602979524,3.000778801489762,1.0282991324294029,80.00000000000003,74.6088895439205
5.0,3,4,60.094823624425096,5.008429556923228,1.0879653109686933,80.00000000000003,69.5124180038286
5.0,4,8,577.5844371190387,6.468937822773918,1.2208643705572653,80.00000000000003,60.15475341249745
5.0,5,16,7541.910461003437,7.4191462567921675,1.5535240926259775,80.00000000000003,44.45906512630868
5.5,2,2,8.001857907700966,3.000928953850483,1.030946760128724,80.00000000000003,74.2564074761819
5.5,3,4,60.11307049327285,5.010051831156693,1.0964295302257976,80.00000000000003,68.85469571309069
5.5,4,8,577.8862572010306,6.47666098843482,1.2433498599933819,80.00000000000003,59.0132932468586
5.5,5,16,7499.699411205412,7.443704865936298,1.6166715460171706,80.00000000000003,42.763115350585664
6.0,2,2,8.002158699527804,3.001079349763902,1.0333975660632218,80.0,73.934524186827
6.0,3,4,60.13133623872241,5.011675841617964,1.104298912431952,80.0,68.25721919626312
6.0,4,8,578.1875219941621,6.484379274127304,1.2644408279462362,80.0,57.987383303763245
6.0,5,16,7458.09552913355,7.467986852484142,1.6769798292956812,80.0,41.27190184437969
6.5,2,2,8.002456634699902,3.001228317349951,1.0356668980947268,80.00000000000001,73.64008865695445
6.5,3,4,60.14941827004179,5.0132835752245475,1.1116148825582413,80.00000000000001,67.71333646781395
6.5,4,8,578.4849367429283,6.492007750914015,1.28420772676317,80.00000000000001,57.062625521495455
6.5,5,16,7417.5479974229065,7.491744159327331,1.7344365905734414,80.00000000000001,39.95449513149788
7.0,2,2,8.002749314738608,3.001374657369304,1.0377700711671707,80.0,73.37019952280082
7.0,3,4,60.167171740137846,5.014862150786966,1.1184201896370898,80.0,67.21702527325485
7.0,4,8,578.7761832265766,6.499486260367914,1.3027315094282113,80.0,56.22636065990345
7.0,5,16,7378.349815445434,7.514813091783864,1.7890911398639142,80.0,38.78497188103633
7.5,2,2,8.003035071990453,3.0015175359952266,1.0397217212237437,79.99999999999997,73.1222410005256
7.5,3,4,60.18449635473965,5.01640264703381,1.1247566248434349,79.99999999999997,66.76292903502757
7.5,4,8,579.0596894363898,6.506773645688246,1.3200966416994122,79.99999999999997,55.46759615662579
7.5,5,16,7340.678033069533,7.537092172288599,1.8410321059733301,79.99999999999997,37.74172106284491
8.0,2,2,8.003312794258061,3.0016563971290307,1.0415354834395048,79.99999999999997,72.89388344658812
8.0,3,4,60.20132560986071,5.017899146317043,1.1306637826913672,79.99999999999997,66.34633074883051
8.0,4,8,579.3344436443524,6.513843075253375,1.336386849463843,79.99999999999997,54.77684811126439
8.0,5,16,7304.6256604673,7.558524906625595,1.8903718457726957,79.99999999999997,36.806749773935266
8.5,2,2,8.003581786106533,3.0017908930532666,1.0432238634324027,79.99999999999996,72.68306640829948
8.5,3,4,60.217618297612596,5.0193479798150795,1.136178462742682,79.99999999999996,65.96309887988637
8.5,4,8,579.5998490749857,6.520678373514384,1.351682641882846,79.99999999999996,54.145956874715054
8.5,5,16,7270.226090897149,7.579086769992937,1.9372357049634854,79.99999999999996,35.96505936296326
9.0,2,2,8.00384166137739,3.001920830688695,1.0447982196498615,79.99999999999997,72.48797412070542
9.0,3,4,60.23335193632517,5.020747143685824,1.141334455236141,79.99999999999997,65.60962356813269
9.0,4,8,579.8556125356033,6.5272711989808965,1.3660599698559306,79.99999999999997,53.567905321108356
9.0,5,16,7237.471361853618,7.598775564628108,1.9817547151363697,79.99999999999997,35.204112867755214
9.5,2,2,8.004092260952685,3.0020461304763426,1.0462688069032557,79.99999999999994,72.30700883584674
9.5,3,4,60.24851775381736,5.022095853207261,1.1461625498798984,79.99999999999994,65.28275256792564
9.5,4,8,580.1016601456105,6.5336189011400165,1.3795895996100753,79.99999999999994,53.036652674252096
9.5,5,16,7206.325585156042,7.617604366353321,2.0240607045688956,79.99999999999994,34.51339255382163
10.0,2,2,8.004333590371523,3.0021667951857616,1.0476448509218523,80.00000000000004,72.13876476914957
10.0,3,4,60.26311688918206,5.023394205182529,1.1506906683327638,80.00000000000004,64.97973143250154
10.0,4,8,580.338074116074,6.539722906787258,1.3923369284462297,80.00000000000004,52.54698839509397
10.0,5,16,7176.734697911694,7.635596413191511,2.0642830950462097,80.00000000000004,33.88403759890571
10.5,2,2,8.00456577279034,3.00228288639517,1.0489346360993335,79.99999999999997,71.98200398930499
10.5,3,4,60.27715753446808,5.024642923860668,1.1549440595726606,79.99999999999997,64.69814979130234
10.5,4,8,580.5650456186851,6.545587512439963,1.4043620665171532,79.99999999999997,52.09440650966738
10.5,5,16,7148.633463229053,7.652781430228693,2.1025468708075383,79.99999999999997,33.308549569334716
11.0,2,2,8.00478901367835,3.002394506839175,1.0501455961384774,80.0,71.83563477615883
11.0,3,4,60.290652793873114,5.025843170617196,1.1589455215610642,80.0,64.43589417006307
11.0,4,8,580.7828398311742,6.551218985121842,1.4157200717159162,80.0,51.67499887775497
11.0,5,16,7121.9504405492125,7.669193007193515,2.1389713580911396,80.0,32.78055371751784
11.5,2,2,8.005003574431315,3.0025017872156576,1.051284401884543,79.99999999999996,71.69869254350844
11.5,3,4,60.30361908720833,5.026996402003899,1.1627156276950743,79.99999999999996,64.19110710645191
11.5,4,8,580.991770141549,6.5566248958710345,1.4264612658633138,79.99999999999996,51.28536518735413
11.5,5,16,7096.61147027844,7.684866743208724,2.173669561419301,79.99999999999996,32.29460557306575
12.0,2,2,8.005209752735848,3.002604876367924,1.0523570433939475,79.99999999999997,71.57032320756082
12.0,3,4,60.31607496461427,5.028104264349332,1.1662729458717667,79.99999999999997,63.96215200029278
12.0,4,8,581.1921792150453,6.5618136282152255,1.4366315870544089,79.99999999999997,50.92253732569313
12.0,5,16,7072.5420786781615,7.699838948385393,2.2067478785428447,79.99999999999997,31.846034002937618
12.5,2,2,8.005407868031586,3.002703934015793,1.053368904927995,79.99999999999997,71.44976878360276
12.5,3,4,60.328040231271295,5.029168515913102,1.169634243730698,79.99999999999997,63.74758302853549
12.5,4,8,581.3844251908323,6.566794017873309,1.4462729503109546,79.99999999999997,50.5839159141715
12.5,5,16,7049.669102607693,7.7141457483463345,2.238306069252329,79.99999999999997,31.43081353392487
13.0,2,2,8.005598250816826,3.002799125408413,1.0543248325115053,80.00000000000007,71.33635495965235
13.0,3,4,60.33953530541623,5.030190969779427,1.172814677119233,80.00000000000007,63.54611945166322
13.0,4,8,581.5688717062922,6.571575090718806,1.4554235998478338,80.00000000000007,50.267217040709355
13.0,5,16,7027.921753792378,7.727822479432616,2.2684373907376107,80.00000000000007,31.045460137136494
13.5,2,2,8.005781234849023,3.0028906174245114,1.0552291942337129,79.9999999999999,71.2294803959689
13.5,3,4,60.35058075173821,5.031173452342278,1.1758279609032218,79.9999999999999,63.356623685153416
13.5,4,8,581.7458807731475,6.576165874222231,1.4641184434434782,79.9999999999999,49.970427497075924
13.5,5,16,7007.232282971037,7.740903292936788,2.297228838561985,79.9999999999999,30.686945842718295
14.0,2,2,8.005957151522844,3.0029785757614222,1.0560859337466857,79.99999999999993,71.12860751606857
14.0,3,4,60.36119694645665,5.032117773498609,1.1786865224365963,79.99999999999993,63.178082577119454
14.0,4,8,581.9158077747711,6.580575263763611,1.472389363983051,79.99999999999993,49.69176709197909
14.0,5,16,6987.5363605521625,7.753420908956565,2.324761450912703,79.99999999999993,30.352628500086297
14.5,2,2,8.00612632588453,3.003063162942265,1.0568986175491892,79.99999999999997,71.03325457872226
14.5,3,4,60.371403841131986,5.033025705621144,1.1814016386619204,79.99999999999997,63.00959140562116
14.5,4,8,582.078998038191,6.584811929845544,1.480265506127726,79.99999999999997,49.42965684660029
14.5,5,16,6968.773258428533,7.765406476743598,2.3511106469095666,79.99999999999997,30.04019375563968
15.0,2,2,8.00628907387308,3.0031445369365404,1.0576704766809883,80.0,70.94298884611985
15.0,3,4,60.38122080035269,5.033898969101332,1.1839835581276241,80.0,62.8503401784895
15.0,4,8,582.2357845713847,6.588884255718317,1.4877735378425792,80.0,49.18269208287315
15.0,5,16,6950.88589416394,7.776889510202901,2.3763465790119245,80.0,29.74760691976172
