frequency,block_index,n_blocks,n_levels,rho,sigma_hi,sigma_lo,lambda_spread,cond,amplification,growth
2,0,64,2,7.0,80.0,73.37019952280082,1.0377700711671707,8.002749314738608,3.001374657369304,1.0
2,1,64,2,7.0,73.37019952280082,67.21702527325485,1.0382515976354647,8.002818555203763,3.0014092776018817,1.0
2,2,64,2,7.0,67.21702527325485,61.51157365787813,1.038745558875845,8.002890444767294,3.001445222383647,1.0
2,3,64,2,7.0,61.51157365787813,56.22636065990345,1.0392524427911773,8.00296512031463,3.0014825601573154,1.0
2,4,64,2,7.0,56.22636065990345,51.33526889276181,1.0397727631441218,8.003042727688566,3.001521363844283,1.0
2,5,64,2,7.0,51.33526889276181,46.81349598678945,1.0403070612934524,8.003123422402025,3.0015617112010125,1.0
2,6,64,2,7.0,46.81349598678945,42.63750429215954,1.0408559080717423,8.003207370417792,3.001603685208896,1.0
2,7,64,2,7.0,42.63750429215954,38.78497188103633,1.041419905818619,8.00329474900266,3.0016473745013297,1.0
2,8,64,2,7.0,38.78497188103633,35.23474483195085,1.0419996905844726,8.003385747664094,3.001692873832047,1.0
2,9,64,2,7.0,35.23474483195085,31.966790779396188,1.042595934522236,8.003480569178805,3.0017402845894026,1.0
2,10,64,2,7.0,31.966790779396188,28.96215371164047,1.0432093484851708,8.003579430723516,3.001789715361758,1.0
2,11,64,2,7.0,28.96215371164047,26.202909999756614,1.0438406848522175,8.00368256511976,3.00184128255988,1.0
2,12,64,2,7.0,26.202909999756614,23.672125640866636,1.0444907406050226,8.003790222206158,3.001895111103079,1.0
2,13,64,2,7.0,23.672125640866636,21.35381469859936,1.0451603606821045,8.003902670353106,3.001951335176553,1.0
2,14,64,2,7.0,21.35381469859936,19.23289892375946,1.0458504416405134,8.004020198137187,3.0020100990685936,1.0
2,15,64,2,7.0,19.23289892375946,17.295168538206728,1.0465619356578784,8.004143116194737,3.0020715580973683,1.0
2,16,64,2,7.0,17.295168538206728,15.527244164943681,1.0472958549131455,8.004271759276945,3.0021358796384723,1.0
2,17,64,2,7.0,15.527244164943681,13.91653988740985,1.0480532763873356,8.0044064885318,3.0022032442658997,1.0
2,18,64,2,7.0,13.91653988740985,12.451227420981382,1.0488353471327299,8.004547694041955,3.0022738470209775,1.0
2,19,64,2,7.0,12.451227420981382,11.120201379674214,1.0496432900650454,8.004695797652037,3.0023478988260184,1.0
2,20,64,2,7.0,11.120201379674214,9.913045621049134,1.0504784103391636,8.004851256123475,3.0024256280617374,1.0
2,21,64,2,7.0,9.913045621049134,8.820000652317331,1.0513421023789293,8.005014564661158,3.002507282330579,1.0
2,22,64,2,7.0,8.820000652317331,7.831932080644711,1.0522358576403712,8.005186260862738,3.002593130431369,1.0
2,23,64,2,7.0,7.831932080644711,6.940300090653309,1.0531612731995081,8.00536692914962,3.00268346457481,1.0
2,24,64,2,7.0,6.940300090653309,6.137129932118373,1.0541200612677724,8.00555720574771,3.002778602873855,1.0
2,25,64,2,7.0,6.137129932118373,5.414983400859404,1.0551140597558684,8.005757784297701,3.0028788921488507,1.0
2,26,64,2,7.0,5.414983400859404,4.766931295823468,1.0561452440207575,8.00596942218695,3.0029847110934753,1.0
2,27,64,2,7.0,4.766931295823468,4.1865268353594685,1.0572157399560664,8.006192947711613,3.0030964738558064,1.0
2,28,64,2,7.0,4.1865268353594685,3.6677800156813887,1.0583278386065802,8.006429268195372,3.003214634097686,1.0
2,29,64,2,7.0,3.6677800156813887,3.2051328945192252,1.0594840125183211,8.006679379213793,3.0033396896068965,1.0
2,30,64,2,7.0,3.2051328945192252,2.7934357829558567,1.0606869340704923,8.006944375099904,3.003472187549952,1.0
2,31,64,2,7.0,2.7934357829558567,2.427924328448239,1.0619394960737212,8.007225460938315,3.0036127304691576,1.0
2,32,64,2,7.0,2.427924328448239,2.1041974720314025,1.0632448349690895,8.007523966293961,3.0037619831469806,1.0
2,33,64,2,7.0,2.1041974720314025,1.8181962627036001,1.064606357019636,8.007841360968449,3.0039206804842244,1.0
2,34,64,2,7.0,1.8181962627036001,1.566183511990981,1.0660277679531918,8.00817927313329,3.004089636566645,1.0
2,35,64,2,7.0,1.566183511990981,1.3447242716902514,1.067513106599586,8.008539510259027,3.0042697551295134,1.0
2,36,64,2,7.0,1.3447242716902514,1.1506671177876804,1.0690667831649638,8.00892408334423,3.004462041672115,1.0
2,37,64,2,7.0,1.1506671177876804,0.9811262235528272,1.0706936229047959,8.009335235052296,3.004667617526148,1.0
2,38,64,2,7.0,0.9811262235528272,0.8334642048054662,1.0723989161064327,8.009775472493793,3.0048877362468964,1.0
2,39,64,2,7.0,0.8334642048054662,0.7052757203540041,1.0741884754696531,8.01024760555191,3.0051238027759553,1.0
2,40,64,2,7.0,0.7052757203540041,0.5943718106038767,1.0760687021949347,8.01075479184892,3.0053773959244596,1.0
2,41,64,2,7.0,0.5943718106038767,0.49876495733427023,1.078046662360096,8.011300589702149,3.0056502948510744,1.0
2,42,64,2,7.0,0.49876495733427023,0.4166548476415906,1.0801301755030481,8.011889020734298,3.005944510367149,1.0
2,43,64,2,7.0,0.4166548476415906,0.34641482504805793,1.0823279177475247,8.012524644203484,3.006262322101742,1.0
2,44,64,2,7.0,0.34641482504805793,0.28657901077384834,1.0846495423343263,8.01321264562928,3.0066063228146396,1.0
2,45,64,2,7.0,0.28657901077384834,0.23583007817115964,1.0871058210826072,8.013958942946179,3.0069794714730893,1.0
2,46,64,2,7.0,0.23583007817115964,0.1929876633186138,1.0897088111455975,8.014770314261655,3.0073851571308277,1.0
2,47,64,2,7.0,0.1929876633186138,0.15699739477438232,1.0924720524958929,8.015654552394759,3.0078272761973794,1.0
2,48,64,2,7.0,0.15699739477438232,0.1269205254864428,1.09541080295282,8.016620652810001,3.0083103264050006,1.0
2,49,64,2,7.0,0.1269205254864428,0.10192414985835767,1.0985423193441408,8.01767904345737,3.008839521728685,1.0
2,50,64,2,7.0,0.10192414985835767,0.0812719889689765,1.101886195717438,8.018841867550602,3.009420933775301,1.0
2,51,64,2,7.0,0.0812719889689765,0.06431572694445675,1.1054647725691487,8.020123333694682,3.010061666847341,1.0
2,52,64,2,7.0,0.06431572694445675,0.0504868814810049,1.1093036351045862,8.02154015234242,3.0107700761712097,1.0
2,53,64,2,7.0,0.0504868814810049,0.039289191516732484,1.1134322239591286,8.023112083798981,3.0115560418994907,1.0
2,54,64,2,7.0,0.039289191516732484,0.03029150505102703,1.1178845891231488,8.024862631595333,3.0124313157976665,1.0
2,55,64,2,7.0,0.03029150505102703,0.02312115010983397,1.122700327801305,8.026819927045059,3.0134099635225295,1.0
2,56,64,2,7.0,0.02312115010983397,0.017457771855249583,1.1279257607234987,8.02901786771177,3.0145089338558853,1.0
2,57,64,2,7.0,0.017457771855249583,0.01302761883782127,1.1336154206865876,8.031497596661909,3.0157487983309545,1.0
2,58,64,2,7.0,0.01302761883782127,0.009598261389953924,1.1398339543723934,8.034309444319346,3.017154722159673,1.0
2,59,64,2,7.0,0.009598261389953924,0.006973725158819676,1.1466585776216862,8.03751550602731,3.018757753013655,1.0
2,60,64,2,7.0,0.006973725158819676,0.004990022777169731,1.15418228137696,8.041193104891967,3.0205965524459835,1.0
2,61,64,2,7.0,0.004990022777169731,0.0035110666704456605,1.1625180700013038,8.045439505429655,3.0227197527148277,1.0
2,62,64,2,7.0,0.0035110666704456605,0.0024249459985881193,1.1718046411440788,8.050378422618001,3.0251892113090006,1.0
2,63,64,2,7.0,0.0024249459985881193,0.0,4.706480368435064,13.837906735458244,5.918953367729122,1.0
4,0,32,2,7.0,80.0,67.21702527325485,1.1184201896370898,5.336425398884839,1.6682126994424196,1.0
4,0,32,3,7.0,80.0,67.21702527325485,1.1184201896370898,60.167171740137846,5.014862150786966,1.0
4,1,32,2,7.0,67.21702527325485,56.22636065990345,1.1216172386297305,5.336585102807682,1.668292551403841,1.0
4,1,32,3,7.0,67.21702527325485,56.22636065990345,1.1216172386297305,60.175816974528445,5.015630874828468,1.0
4,2,32,2,7.0,56.22636065990345,46.81349598678945,1.1249915101493315,5.336757506083741,1.6683787530418703,1.0
4,2,32,3,7.0,56.22636065990345,46.81349598678945,1.1249915101493315,60.18515086229385,5.016460847727855,1.0
4,3,32,2,7.0,46.81349598678945,38.78497188103633,1.1285581439097212,5.336943991626538,1.668471995813269,1.0
4,3,32,3,7.0,46.81349598678945,38.78497188103633,1.1285581439097212,60.19524856559144,5.017358756480199,1.0
4,4,32,2,7.0,38.78497188103633,31.966790779396188,1.1323340527200856,5.3371461358332635,1.6685730679166317,1.0
4,4,32,3,7.0,38.78497188103633,31.966790779396188,1.1323340527200856,60.20619579236037,5.018332226675185,1.0
4,5,32,2,7.0,31.966790779396188,26.202909999756614,1.1363381895958171,5.337365741999331,1.6686828709996653,1.0
4,5,32,3,7.0,31.966790779396188,26.202909999756614,1.1363381895958171,60.21809062385247,5.019389985226862,1.0
4,6,32,2,7.0,26.202909999756614,21.35381469859936,1.1405918646023083,5.33760488066382,1.66880244033191,1.0
4,6,32,3,7.0,26.202909999756614,21.35381469859936,1.1405918646023083,60.23104572279184,5.020542057014735,1.0
4,7,32,2,7.0,21.35381469859936,17.295168538206728,1.1451191225690829,5.337865938578686,1.6689329692893429,1.0
4,7,32,3,7.0,21.35381469859936,17.295168538206728,1.1451191225690829,60.24519101557544,5.021800003763887,1.0
4,8,32,2,7.0,17.295168538206728,13.91653988740985,1.1499471957513125,5.33815167847434,1.6690758392371698,1.0
4,8,32,3,7.0,17.295168538206728,13.91653988740985,1.1499471957513125,60.26067696855641,5.0231772158678885,1.0
4,9,32,2,7.0,13.91653988740985,11.120201379674214,1.155107049361166,5.338465312429868,1.669232656214934,1.0
4,9,32,3,7.0,13.91653988740985,11.120201379674214,1.155107049361166,60.27767861377461,5.024689271009913,1.0
4,10,32,2,7.0,11.120201379674214,8.820000652317331,1.160634042954836,5.338810592505419,1.6694052962527093,1.0
4,10,32,3,7.0,11.120201379674214,8.820000652317331,1.160634042954836,60.29640052678551,5.0263543776585795,1.0
4,11,32,2,7.0,8.820000652317331,6.940300090653309,1.1665687373934208,5.3391919234386815,1.6695959617193408,1.0
4,11,32,3,7.0,8.820000652317331,6.940300090653309,1.1665687373934208,60.317083023069486,5.028193927213504,1.0
4,12,32,2,7.0,6.940300090653309,5.414983400859404,1.1729578861259888,5.339614503763866,1.6698072518819331,1.0
4,12,32,3,7.0,6.940300090653309,5.414983400859404,1.1729578861259888,60.340009926504024,5.03023318634513,1.0
4,13,32,2,7.0,5.414983400859404,4.1865268353594685,1.179855661779769,5.340084503849644,1.670042251924822,1.0
4,13,32,3,7.0,5.414983400859404,4.1865268353594685,1.179855661779769,60.36551838315671,5.032502171772964,1.0
4,14,32,2,7.0,4.1865268353594685,3.2051328945192252,1.1873251857946958,5.340609292319788,1.6703046461598938,1.0
4,14,32,3,7.0,4.1865268353594685,3.2051328945192252,1.1873251857946958,60.39401136030198,5.035036764617736,1.0
4,15,32,2,7.0,3.2051328945192252,2.427924328448239,1.1954404520433335,5.341197726485484,1.6705988632427422,1.0
4,15,32,3,7.0,3.2051328945192252,2.427924328448239,1.1954404520433335,60.42597370513056,5.037880142431626,1.0
4,16,32,2,7.0,2.427924328448239,1.8181962627036001,1.2042887679039527,5.341860528334927,1.6709302641674637,1.0
4,16,32,3,7.0,2.427924328448239,1.8181962627036001,1.2042887679039527,60.461992971846165,5.041084636899661,1.0
4,17,32,2,7.0,1.8181962627036001,1.3447242716902514,1.2139738824588733,5.342610776139807,1.6713053880699036,1.0
4,17,32,3,7.0,1.8181962627036001,1.3447242716902514,1.2139738824588733,60.502786708422605,5.0447141683816294,1.0
4,18,32,2,7.0,1.3447242716902514,0.9811262235528272,1.2246200380598145,5.343464554160549,1.6717322770802747,1.0
4,18,32,3,7.0,1.3447242716902514,0.9811262235528272,1.2246200380598145,60.549238601086806,5.048847471730791,1.0
4,19,32,2,7.0,0.9811262235528272,0.7052757203540041,1.2363772789059067,5.344441821330436,1.6722209106652182,1.0
4,19,32,3,7.0,0.9811262235528272,0.7052757203540041,1.2363772789059067,60.60244692590144,5.053582421984695,1.0
4,20,32,2,7.0,0.7052757203540041,0.49876495733427023,1.2494284952079893,5.34556758749369,1.672783793746845,1.0
4,20,32,3,7.0,0.7052757203540041,0.49876495733427023,1.2494284952079893,60.663790346998674,5.059041911034949,1.0
4,21,32,2,7.0,0.49876495733427023,0.34641482504805793,1.2639989011481192,5.346873528203902,1.6734367641019512,1.0
4,21,32,3,7.0,0.49876495733427023,0.34641482504805793,1.2639989011481192,60.73501855072672,5.065381946080891,1.0
4,22,32,2,7.0,0.34641482504805793,0.23583007817115964,1.2803689844459525,5.348400235361366,1.6742001176806829,1.0
4,22,32,3,7.0,0.34641482504805793,0.23583007817115964,1.2803689844459525,60.8183790550752,5.0728029862412605,1.0
4,23,32,2,7.0,0.23583007817115964,0.15699739477438232,1.2988925022250777,5.350200406683982,1.6751002033419908,1.0
4,23,32,3,7.0,0.23583007817115964,0.15699739477438232,1.2988925022250777,60.91679771959437,5.0815660894238395,1.0
4,24,32,2,7.0,0.15699739477438232,0.10192414985835767,1.3200219677150695,5.352343449604008,1.6761717248020038,1.0
4,24,32,3,7.0,0.15699739477438232,0.10192414985835767,1.3200219677150695,61.034140664493094,5.09201635738493,1.0
4,25,32,2,7.0,0.10192414985835767,0.06431572694445675,1.3443455207225232,5.35492226431004,1.67746113215502,1.0
4,25,32,3,7.0,0.10192414985835767,0.06431572694445675,1.3443455207225232,61.17560253204768,5.104617717851773,1.0
4,26,32,2,7.0,0.06431572694445675,0.039289191516732484,1.3726415616712357,5.358063469031087,1.6790317345155437,1.0
4,26,32,3,7.0,0.06431572694445675,0.039289191516732484,1.3726415616712357,61.348296052664566,5.1200057903441865,1.0
4,27,32,2,7.0,0.039289191516732484,0.02312115010983397,1.405961949424881,5.361943217676391,1.6809716088381954,1.0
4,27,32,3,7.0,0.039289191516732484,0.02312115010983397,1.405961949424881,61.562172048249366,5.139070475069692,1.0
4,28,32,2,7.0,0.02312115010983397,0.01302761883782127,1.4457627365230203,5.366812396706568,1.6834061983532842,1.0
4,28,32,3,7.0,0.02312115010983397,0.01302761883782127,1.4457627365230203,61.83150058826625,5.163089097475373,1.0
4,29,32,2,7.0,0.01302761883782127,0.006973725158819676,1.4941172294205298,5.3730381349215195,1.6865190674607597,1.0
4,29,32,3,7.0,0.01302761883782127,0.006973725158819676,1.4941172294205298,62.17734317477756,5.193949007585903,1.0
4,30,32,2,7.0,0.006973725158819676,0.0035110666704456605,1.5540784147266478,5.38117490183987,1.690587450919935,1.0
4,30,32,3,7.0,0.006973725158819676,0.0035110666704456605,1.5540784147266478,62.63185700009021,5.234535938004468,1.0
4,31,32,2,7.0,0.0035110666704456605,0.0,4.706480368435064,6.528155487930459,2.2640777439652293,1.0
4,31,32,3,7.0,0.0035110666704456605,0.0,4.706480368435064,99.92745429447318,8.982675819507943,1.0
8,0,16,2,7.0,80.0,56.22636065990345,1.3027315094282113,4.576312322284439,1.2881561611422194,1.0
8,0,16,3,7.0,80.0,56.22636065990345,1.3027315094282113,72.00093018096442,3.6818663951689015,1.0
8,0,16,4,7.0,80.0,56.22636065990345,1.3027315094282113,578.7761832265766,6.499486260367914,1.0
8,1,16,2,7.0,56.22636065990345,38.78497188103633,1.3211389717168223,4.576843067708679,1.2884215338543394,1.0
8,1,16,3,7.0,56.22636065990345,38.78497188103633,1.3211389717168223,72.0011429242456,3.6835189574923057,1.0
8,1,16,4,7.0,56.22636065990345,38.78497188103633,1.3211389717168223,579.0758050157556,6.507204894259819,1.0
8,2,16,2,7.0,38.78497188103633,26.202909999756614,1.3419150544618077,4.577465208062423,1.2887326040312117,1.0
8,2,16,3,7.0,38.78497188103633,26.202909999756614,1.3419150544618077,72.0014200546519,3.685456277157274,1.0
8,2,16,4,7.0,38.78497188103633,26.202909999756614,1.3419150544618077,579.4265037776778,6.516255604529764,1.0
8,3,16,2,7.0,26.202909999756614,17.295168538206728,1.3655453600041656,4.578200979581608,1.2891004897908038,1.0
8,3,16,3,7.0,26.202909999756614,17.295168538206728,1.3655453600041656,72.001786409918,3.687747698426541,1.0
8,3,16,4,7.0,26.202909999756614,17.295168538206728,1.3655453600041656,579.8405349055249,6.526963430425152,1.0
8,4,16,2,7.0,17.295168538206728,11.120201379674214,1.3926570864742125,4.579079809488628,1.2895399047443141,1.0
8,4,16,3,7.0,17.295168538206728,11.120201379674214,1.3926570864742125,72.00227874512453,3.6904850189139466,1.0
8,4,16,4,7.0,17.295168538206728,11.120201379674214,1.3926570864742125,580.3340442818014,6.539758917470099,1.0
8,5,16,2,7.0,11.120201379674214,6.940300090653309,1.4240743461516605,4.580141295050876,1.2900706475254382,1.0
8,5,16,3,7.0,11.120201379674214,6.940300090653309,1.4240743461516605,72.00295272910756,3.693791807232673,1.0
8,5,16,4,7.0,11.120201379674214,6.940300090653309,1.4240743461516605,580.9286413692669,6.55522202752974,1.0
8,6,16,2,7.0,6.940300090653309,4.1865268353594685,1.4609014350686662,4.581439726581996,1.290719863290998,1.0
8,6,16,3,7.0,6.940300090653309,4.1865268353594685,1.4609014350686662,72.00389491182136,3.6978375606549605,1.0
8,6,16,4,7.0,6.940300090653309,4.1865268353594685,1.4609014350686662,581.6537623039636,6.574148932228852,1.0
8,7,16,2,7.0,4.1865268353594685,2.427924328448239,1.50465192604121,4.5830511399839144,1.2915255699919572,1.0
8,7,16,3,7.0,4.1865268353594685,2.427924328448239,1.50465192604121,72.0052439075335,3.702859801952773,1.0
8,7,16,4,7.0,4.1865268353594685,2.427924328448239,1.50465192604121,582.5503071499679,6.59765639319117,1.0
8,8,16,2,7.0,2.427924328448239,1.3447242716902514,1.5574557293491442,4.585084651780624,1.2925423258903121,1.0
8,8,16,3,7.0,2.427924328448239,1.3447242716902514,1.5574557293491442,72.00722937934172,3.709199637533548,1.0
8,8,16,4,7.0,2.427924328448239,1.3447242716902514,1.5574557293491442,583.6763929732228,6.6273499665076026,1.0
8,9,16,2,7.0,1.3447242716902514,0.7052757203540041,1.6224046739239908,4.587701321542234,1.2938506607711169,1.0
8,9,16,3,7.0,1.3447242716902514,0.7052757203540041,1.6224046739239908,72.01024706163501,3.7173610229071525,1.0
8,9,16,4,7.0,1.3447242716902514,0.7052757203540041,1.6224046739239908,585.1167368109371,6.665604786443111,1.0
8,10,16,2,7.0,0.7052757203540041,0.34641482504805793,1.704157046531264,4.591146831352738,1.295573415676369,1.0
8,10,16,3,7.0,0.7052757203540041,0.34641482504805793,1.704157046531264,72.01501080695748,3.728113657309899,1.0
8,10,16,4,7.0,0.7052757203540041,0.34641482504805793,1.704157046531264,586.9984981105997,6.716053855202633,1.0
8,11,16,2,7.0,0.34641482504805793,0.15699739477438232,1.810056649040123,4.595810845184555,1.2979054225922777,1.0
8,11,16,3,7.0,0.34641482504805793,0.15699739477438232,1.810056649040123,72.02288003723845,3.7426804218446232,1.0
8,11,16,4,7.0,0.34641482504805793,0.15699739477438232,1.810056649040123,589.5190978607291,6.784478986448474,1.0
8,12,16,2,7.0,0.15699739477438232,0.06431572694445675,1.952352935652751,4.602341071874567,1.3011705359372834,1.0
8,12,16,3,7.0,0.15699739477438232,0.06431572694445675,1.952352935652751,72.0366178193687,3.763099032971915,1.0
8,12,16,4,7.0,0.15699739477438232,0.06431572694445675,1.952352935652751,592.9972887199729,6.880532130606383,1.0
8,13,16,2,7.0,0.06431572694445675,0.02312115010983397,2.1530062529861835,4.611877895604712,1.305938947802356,1.0
8,13,16,3,7.0,0.06431572694445675,0.02312115010983397,2.1530062529861835,72.06230636903467,3.7929705329606147,1.0
8,13,16,4,7.0,0.06431572694445675,0.02312115010983397,2.1530062529861835,597.9717213965728,7.021299278971123,1.0
8,14,16,2,7.0,0.02312115010983397,0.006973725158819676,2.4553308244794345,4.6265793978363305,1.3132896989181653,1.0
8,14,16,3,7.0,0.02312115010983397,0.006973725158819676,2.4553308244794345,72.11473996645557,3.839150450247254,1.0
8,14,16,4,7.0,0.02312115010983397,0.006973725158819676,2.4553308244794345,605.402038191852,7.239336649602066,1.0
8,15,16,2,7.0,0.006973725158819676,0.0,4.706480368435063,4.770112729109516,1.385056364554758,1.0
8,15,16,3,7.0,0.006973725158819676,0.0,4.706480368435063,85.34713072660495,4.777724021998507,1.0
8,15,16,4,7.0,0.006973725158819676,0.0,4.706480368435063,723.4311238449753,8.304186583490598,1.0
16,0,8,2,7.0,80.0,38.78497188103633,1.7890911398639142,4.275657541545821,1.1378287707729107,1.0
16,0,8,3,7.0,80.0,38.78497188103633,1.7890911398639142,45.12119331258823,1.9091974692359064,1.0
16,0,8,4,7.0,80.0,38.78497188103633,1.7890911398639142,612.6627952319286,4.136484735267409,1.0
16,0,8,5,7.0,80.0,38.78497188103633,1.7890911398639142,7378.349815445434,7.514813091783864,1.0
16,1,8,2,7.0,38.78497188103633,17.295168538206728,1.9133727718800801,4.277823635729011,1.1389118178645057,1.0
16,1,8,3,7.0,38.78497188103633,17.295168538206728,1.9133727718800801,45.07378533042137,1.9141020031397864,1.0
16,1,8,4,7.0,38.78497188103633,17.295168538206728,1.9133727718800801,610.2518404447234,4.153080694039462,1.0
16,1,8,5,7.0,38.78497188103633,17.295168538206728,1.9133727718800801,7287.002273804743,7.567554458132615,1.0
16,2,8,2,7.0,17.295168538206728,6.940300090653309,2.082523366376715,4.28087341969597,1.140436709847985,1.0
16,2,8,3,7.0,17.295168538206728,6.940300090653309,2.082523366376715,45.009411844564326,1.9210162133691138,1.0
16,2,8,4,7.0,17.295168538206728,6.940300090653309,2.082523366376715,606.9000994592076,4.176308174614974,1.0
16,2,8,5,7.0,17.295168538206728,6.940300090653309,2.082523366376715,7160.939815313324,7.640371962651379,1.0
16,3,8,2,7.0,6.940300090653309,2.427924328448239,2.325127349222353,4.2853579994771005,1.1426789997385502,1.0
16,3,8,3,7.0,6.940300090653309,2.427924328448239,2.325127349222353,44.9197145736385,1.9312034591241365,1.0
16,3,8,4,7.0,6.940300090653309,2.427924328448239,2.325127349222353,602.0637001127996,4.210180826242729,1.0
16,3,8,5,7.0,6.940300090653309,2.427924328448239,2.325127349222353,6981.33548954531,7.744638370443061,1.0
16,4,8,2,7.0,2.427924328448239,0.7052757203540041,2.699357768384895,4.292330788588936,1.146165394294468,1.0
16,4,8,3,7.0,2.427924328448239,0.7052757203540041,2.699357768384895,44.79169583815264,1.9470958797027351,1.0
16,4,8,4,7.0,2.427924328448239,0.7052757203540041,2.699357768384895,594.7658027224655,4.26222554221131,1.0
16,4,8,5,7.0,2.427924328448239,0.7052757203540041,2.699357768384895,6716.542922845396,7.900978121820516,1.0
16,5,8,2,7.0,0.7052757203540041,0.15699739477438232,3.342102109291122,4.304006354870219,1.1520031774351094,1.0
16,5,8,3,7.0,0.7052757203540041,0.15699739477438232,3.342102109291122,44.60737361493538,1.97387294846701,1.0
16,5,8,4,7.0,0.7052757203540041,0.15699739477438232,3.342102109291122,583.1638778446217,4.347877271905514,1.0
16,5,8,5,7.0,0.7052757203540041,0.15699739477438232,3.342102109291122,6314.14295409477,8.15052474775387,1.0
16,6,8,2,7.0,0.15699739477438232,0.02312115010983397,4.654665773758459,4.325669078157328,1.162834539078664,1.0
16,6,8,3,7.0,0.15699739477438232,0.02312115010983397,4.654665773758459,44.35905700231679,2.024225850827566,1.0
16,6,8,4,7.0,0.15699739477438232,0.02312115010983397,4.654665773758459,563.7331841125011,4.502987624752049,1.0
16,6,8,5,7.0,0.15699739477438232,0.02312115010983397,4.654665773758459,5699.964231703763,8.590338656932355,1.0
16,7,8,2,7.0,0.02312115010983397,0.0,7.0642468759984505,4.351334686166408,1.1756673430832039,1.0
16,7,8,3,7.0,0.02312115010983397,0.0,7.0642468759984505,45.84711620629403,2.126386682864802,1.0
16,7,8,4,7.0,0.02312115010983397,0.0,7.0642468759984505,589.1573249537026,4.908002727340703,1.0
16,7,8,5,7.0,0.02312115010983397,0.0,7.0642468759984505,6304.735369899547,10.05846538423837,1.0
32,0,4,2,7.0,80.0,17.295168538206728,3.565972286544049,4.1471458851979195,1.0735729425989597,1.0
32,0,4,3,7.0,80.0,17.295168538206728,3.565972286544049,36.71477144681055,1.417783680752825,1.0
32,0,4,4,7.0,80.0,17.295168538206728,3.565972286544049,834.3013472993966,2.640406164442744,1.0
32,0,4,5,7.0,80.0,17.295168538206728,3.565972286544049,5916.589096028333,4.491404850199505,1.0
32,0,4,6,7.0,80.0,17.295168538206728,3.565972286544049,98086.38705789049,8.280990344083456,1.0
32,1,4,2,7.0,17.295168538206728,2.427924328448239,5.101846487151439,4.157839542400955,1.0789197712004777,1.0
32,1,4,3,7.0,17.295168538206728,2.427924328448239,5.101846487151439,36.29668514878989,1.440045713325313,1.0
32,1,4,4,7.0,17.295168538206728,2.427924328448239,5.101846487151439,763.3004215110055,2.702455908239491,1.0
32,1,4,5,7.0,17.295168538206728,2.427924328448239,5.101846487151439,5130.653122935166,4.591423462963165,1.0
32,1,4,6,7.0,17.295168538206728,2.427924328448239,5.101846487151439,76897.29648773627,8.537553895111515,1.0
32,2,4,2,7.0,2.427924328448239,0.15699739477438232,9.699197976630304,4.181067916637257,1.0905339583186286,1.0
32,2,4,3,7.0,2.427924328448239,0.15699739477438232,9.699197976630304,35.76043026912057,1.4904494228408027,1.0
32,2,4,4,7.0,2.427924328448239,0.15699739477438232,9.699197976630304,653.8681405281791,2.833191030674682,1.0
32,2,4,5,7.0,2.427924328448239,0.15699739477438232,9.699197976630304,4058.9369174641693,4.803357746940124,1.0
32,2,4,6,7.0,2.427924328448239,0.15699739477438232,9.699197976630304,52467.44723948382,9.093692094494942,1.0
32,3,4,2,7.0,0.15699739477438232,0.0,37.000426084118175,4.239517041348747,1.1197585206743734,1.0
32,3,4,3,7.0,0.15699739477438232,0.0,37.000426084118175,36.562608069555495,1.6419722482435342,1.0
32,3,4,4,7.0,0.15699739477438232,0.0,37.000426084118175,520.1507100521459,3.201659502156855,1.0
32,3,4,5,7.0,0.15699739477438232,0.0,37.000426084118175,3203.3246141139666,5.551433468394334,1.0
32,3,4,6,7.0,0.15699739477438232,0.0,37.000426084118175,30726.980350521513,10.783507212994593,1.0
